p_val	avg_log2FC	pct.1	pct.2	p_val_adj	GeneName
0	0.8099838585357282	0.293	0.067	0	KLHL21
0	1.434901376659555	0.518	0.132	0	SPSB1
0	1.0240112702285766	0.378	0.077	0	PDPN
0	1.2048016994188855	0.622	0.251	0	NBL1
0	0.814244991942343	0.383	0.106	0	COL16A1
0	0.9420633920899484	0.59	0.205	0	PODN
0	0.8753977984842103	0.481	0.165	0	ECM1
0	1.34383850808521	0.65	0.213	0	CTSK
0	0.6361053333941051	0.187	0.022	0	MLLT11
0	0.7617477251147355	0.967	0.82	0	S100A11
0	0.7330051890416964	1	0.981	0	S100A6
0	1.029268015150398	0.894	0.533	0	S100A13
0	1.3770336038932127	0.969	0.767	0	LMNA
0	1.860386523732676	0.55	0.093	0	CRABP2
0	1.7163418024531882	0.711	0.253	0	UAP1
0	1.4754260951403735	0.919	0.387	0	DPT
0	1.0171456300713138	0.588	0.235	0	ANGPTL1
0	1.565913363698081	0.629	0.157	0	ABL2
0	1.1591138524478195	0.718	0.32	0	CFH
0	1.0344671408598953	0.453	0.123	0	IL1R1
0	0.6211799407745966	0.511	0.181	0	MIR4435-2HG
0	2.8840231364375244	0.765	0.19	0	TNFAIP6
0	0.8947236228322499	0.739	0.358	0	CYBRD1
0	2.283682869609363	0.919	0.498	0	COL3A1
0	0.9711556613740013	0.585	0.235	0	COL5A2
0	0.9774063812310221	0.917	0.422	0	COL6A3
0	0.6601687347936844	0.222	0.038	0	TWIST2
0	1.146089439705152	0.685	0.3	0	ABI3BP
0	1.472666061484913	0.972	0.479	0	CCDC80
0	1.1424261554520396	0.908	0.407	0	FSTL1
0	1.883514105321751	0.242	0.047	0	PTX3
0	1.5495631153286724	0.573	0.153	0	UGDH
0	0.9575056245715586	0.517	0.168	0	ANK2
0	3.1687498183194345	0.695	0.16	0	SFRP2
0	0.9008409264382002	0.754	0.327	0	VCAN
0	0.5257656263946803	0.169	0.014	0	EDIL3
0	0.7368509409627026	0.297	0.061	0	LOX
0	0.9618019429010372	0.636	0.294	0	PPIC
0	1.724109841084696	0.915	0.643	0	SPARC
0	1.1299550898152388	0.508	0.154	0	GFPT2
0	0.900086665683524	0.477	0.169	0	PXDC1
0	1.5384731963219966	0.723	0.394	0	IER3
0	1.3544824491803749	0.488	0.107	0	PIM1
0	1.6166452321951703	0.866	0.604	0	SOD2
0	1.8398237065625551	0.572	0.146	0	IL6
0	1.1558977412250488	0.735	0.28	0	GPNMB
0	3.1902165542873395	0.782	0.198	0	SFRP4
0	1.4771943034051007	0.632	0.196	0	AEBP1
0	1.6741527049500298	0.598	0.141	0	ELN
0	2.348470721808289	0.993	0.621	0	COL1A2
0	1.2900633423898418	0.852	0.329	0	PCOLCE
0	1.3007231674376292	0.36	0.093	0	SERPINE1
0	0.8941787611327298	0.35	0.064	0	MXRA5
0	0.963394385232909	0.469	0.151	0	SRPX
0	1.354214890572326	0.926	0.604	0	TIMP1
0	1.013939026486328	0.371	0.109	0	GPC3
0	1.6590156974925776	0.539	0.138	0	BGN
0	1.1092701326600554	0.426	0.086	0	SLC39A14
0	1.5570061784210003	0.532	0.104	0	GEM
0	1.882793379214653	0.432	0.064	0	CTHRC1
0	1.7249847011588952	0.456	0.131	0	NOV
0	1.4292730571241095	0.648	0.219	0	COL14A1
0	1.1407583169896245	0.364	0.092	0	HAS2
0	1.5821427476933332	0.73	0.361	0	CTSL
0	1.5449593483862973	0.748	0.202	0	OGN
0	1.8843590763984785	0.595	0.114	0	ASPN
0	1.6024508341200852	0.874	0.546	0	TXN
0	0.8044299983403258	0.993	0.867	0	GSN
0	0.87724068925271	0.605	0.26	0	ANGPTL2
0	0.9652895931641623	0.565	0.216	0	COL5A1
0	0.5455400128087802	0.186	0.024	0	SPON1
0	1.0503971286104044	0.883	0.614	0	LDHA
0	1.224539971723305	0.834	0.443	0	CD44
0	0.7131828913146001	0.275	0.043	0	FOSL1
0	1.2551282417461571	0.468	0.121	0	PRSS23
0	1.825017234391209	0.928	0.555	0	NNMT
0	1.4066429775939557	0.55	0.097	0	THY1
0	2.020674616420596	0.481	0.192	0	PLAU
0	1.3103830524716735	0.935	0.409	0	C1S
0	1.2764901526449655	0.914	0.447	0	C1R
0	0.8630431914274004	0.843	0.415	0	MFAP5
0	1.633161359577978	0.613	0.097	0	GPRC5A
0	1.134688661610166	0.866	0.528	0	EMP1
0	1.8062141120058808	0.997	0.764	0	MGP
0	1.4421535985378542	0.936	0.542	0	IGFBP6
0	0.6859375070743652	0.998	0.941	0	CD63
0	1.8594304338685381	0.968	0.46	0	LUM
0	1.1182646126265947	1	0.724	0	DCN
0	1.977262050964526	0.794	0.251	0	MEDAG
0	0.7269671344005748	0.133	0.006	0	BDKRB1
0	1.3217693412014515	0.571	0.185	0	CRIP1
0	1.2759466204641445	0.5	0.149	0	THBS1
0	1.1077897447538185	0.741	0.326	0	CILP
0	1.2074665356081775	0.444	0.102	0	TNFRSF12A
0	0.8027715023733332	0.32	0.08	0	VASN
0	1.6328833910850564	0.878	0.383	0	MMP2
0	1.3984948238580497	0.954	0.792	0	MT2A
0	1.3031060689993295	0.92	0.468	0	SERPINF1
0	1.1593969143372018	0.805	0.356	0	MFAP4
0	2.416032997023367	0.832	0.431	0	CCL2
0	1.1511676285195374	0.729	0.362	0	IGFBP4
0	3.2874668297507648	0.915	0.356	0	COL1A1
0	0.7751369955294294	0.285	0.048	0	SPHK1
0	0.8182781000229049	0.86	0.484	0	TIMP2
0	0.8687635170595979	0.589	0.255	0	TUBB6
0	0.540245453225245	0.158	0.012	0	CPXM1
0	0.9457032139514316	0.999	0.927	0	CST3
0	1.25978292833125	0.736	0.33	0	WISP2
0	1.4255031935072666	0.821	0.397	0	CEBPB
0	1.4569266035883686	0.52	0.16	0	ICAM1
0	2.5356109450081177	0.256	0.014	0	COMP
0	1.242600835479832	0.588	0.153	0	PLAUR
0	0.8325793063069489	0.45	0.149	0	RCN3
0	0.947002882968903	0.4	0.085	0	CLEC11A
0	2.580032642415647	0.466	0.033	0	HAS1
0	0.9944038306568403	0.673	0.311	0	XBP1
0	0.8347113788761001	0.183	0.017	0	LIF
0	1.60304209222195	0.948	0.425	0	FBLN1
0	0.9561712945285243	0.477	0.122	0	RUNX1
0	1.0403287885404744	0.958	0.559	0	COL6A1
0	1.295230501272905	0.999	0.686	0	COL6A2
8.525777491440966e-306	0.8864363845918135	0.639	0.297	1.850178973417604e-301	EIF5A
6.845162666432263e-303	0.8481434782672981	0.817	0.408	1.4854687502424652e-298	TNXB
1.4803380045773608e-300	0.8177981339779679	0.446	0.159	3.212481503733331e-296	OAF
1.354807232178499e-298	1.0592704917608384	0.604	0.277	2.9400671745505604e-294	KDM6B
2.9244998545623016e-298	0.9530433412253947	0.662	0.331	6.34645713438565e-294	HTRA1
1.5937309815764284e-297	0.6585695115900609	0.25	0.052	3.4585556031190073e-293	MMP19
1.7762541587328034e-297	0.8808995945708251	0.367	0.109	3.8546491498660565e-293	PFKFB3
4.519709136408292e-297	1.0623067666837331	0.659	0.306	9.808220796919634e-293	C3
2.3764716696391817e-296	0.9251954636830924	0.379	0.121	5.157181170283988e-292	AKR1C1
6.436517505416261e-294	0.719525647160693	0.975	0.839	1.396788663850383e-289	ANXA2
2.54710191314692e-293	0.9095493719849843	0.742	0.41	5.527465861720131e-289	"NAMPT"
8.68520723393097e-293	0.5948556047165425	0.23	0.045	1.8847768218353596e-288	PANX1
2.485298269398046e-282	0.9126444963735771	0.446	0.152	5.3933457744207e-278	ADAMTS4
7.10532672006854e-282	1.0091191445657113	0.523	0.221	1.541926951522074e-277	LINC00152
4.436143862767492e-281	0.7385691724189538	0.981	0.95	9.626875796591734e-277	LGALS1
7.227056017149867e-279	2.3315373279421165	0.263	0.062	1.5683434262816926e-274	PLA2G2A
1.3200540563865287e-275	0.6027765533013714	1	0.989	2.864649307764406e-271	VIM
3.833403471499267e-274	0.8148475297947924	0.984	0.916	8.31886887350056e-270	S100A10
4.4394474779459146e-272	0.7110027371841505	0.268	0.067	9.634044971890429e-268	MMP23B
6.889156902406344e-272	0.8984158790518275	0.723	0.407	1.4950159393912007e-267	DDX21
5.781014309502798e-269	1.2015886386406551	0.892	0.791	1.254537915305202e-264	CFD
8.834908046320636e-269	0.9103790641141628	0.16	0.022	1.917263395132041e-264	TNC
4.589353267038819e-267	0.9385165311562922	0.791	0.472	9.959355524800942e-263	EMP3
1.998774413044557e-266	0.6824850167106757	0.232	0.048	4.337540353747993e-262	PHLDA2
1.871425990568928e-263	0.8080298081542661	0.613	0.284	4.061181542133631e-259	MRC2
1.3310196911686729e-260	0.6400921109357606	0.278	0.073	2.888445831805137e-256	OMD
5.131503574034187e-259	0.83923903846302	0.887	0.58	1.113587590601159e-254	PLAC9
1.7086758426363388e-257	0.7246124562248174	0.322	0.096	3.7079974461051187e-253	FSTL3
2.1641836840431477e-256	0.6546247122937174	0.983	0.931	4.696495012742035e-252	SERF2
3.747598711243829e-255	0.7782730024770754	0.669	0.339	8.132663963270233e-251	CXCL2
2.0217069123294605e-254	0.8476007830406656	0.918	0.721	4.387306170446162e-250	GADD45B
1.5984561224595935e-253	0.787315022283559	0.397	0.139	3.468809631349564e-249	FNDC1
4.148197275465656e-252	0.8937763452011751	0.41	0.151	9.00200290748802e-248	VEGFA
1.6119029553858079e-251	1.0267848791701948	0.606	0.308	3.497990603482742e-247	CRISPLD2
6.152271916605349e-251	0.7551909468442946	0.692	0.367	1.3351045286225268e-246	LGALS3BP
6.364199194849651e-251	1.0352805074871334	0.526	0.243	1.3810948672743228e-246	B4GALT1
5.704853139528914e-246	0.7017796642308586	0.373	0.131	1.2380101798091696e-241	CERCAM
3.297613059204095e-244	0.630161014826294	0.29	0.082	7.156150099778806e-240	MMP14
2.5319043615000796e-243	0.9936190093563618	0.431	0.172	5.4944856548913224e-239	TUBB2A
1.213441248764658e-240	0.3964964378874125	0.996	0.988	2.6332888539441842e-236	FTL
2.2184054093279125e-237	0.7789086502915018	0.51	0.223	4.814161578782503e-233	PRELP
7.45198655246032e-236	0.6977863851862192	0.903	0.703	1.617155601749414e-231	CD99
1.3616856981232848e-235	0.8117915099891246	0.418	0.162	2.9549941334973405e-231	NTRK2
2.5786162037949377e-235	0.6950034955019062	0.493	0.215	5.595855023855394e-231	EFEMP2
9.179466507403204e-235	0.6196415919272028	0.317	0.096	1.9920360267715692e-230	NOP16
1.2269786885667216e-234	0.7779983968435973	0.61	0.303	2.6626664520586423e-230	SOD3
3.1815179149997933e-233	0.9483052289751626	0.293	0.086	6.904212027341052e-229	ID4
8.652302162915598e-231	0.7331298427406192	0.484	0.209	1.8776360923743137e-226	ECM2
8.872918767934298e-230	0.5605973159678221	0.259	0.071	1.925512101829422e-225	ADAMTS2
3.6800937864743053e-228	0.7359227930678138	0.532	0.24	7.98617152602789e-224	SPON2
6.278043324497679e-225	0.6462116470859818	0.814	0.51	1.3623981818492413e-220	SELM
1.893037210396216e-224	1.149106776838997	0.129	0.017	4.108080050280828e-220	C7
3.8270444591267e-223	0.8604208047182484	0.618	0.325	8.305069180750852e-219	RARRES2
7.725979183746419e-222	0.9367364681901404	0.317	0.106	1.6766147426648103e-217	CCDC71L
1.401260979709454e-220	1.030214164149077	0.38	0.143	3.0408764520674857e-216	ANGPTL4
2.2461014024983923e-220	0.8227367759102564	0.601	0.294	4.874264653561761e-216	EFEMP1
7.625459498620846e-220	0.678839484366577	0.38	0.139	1.6548009657957098e-215	TUBA1C
1.2999923575980735e-218	0.6560261255782736	0.519	0.234	2.8211134152235794e-214	PLTP
2.585852130621459e-218	0.9186568377863382	0.235	0.061	5.611557708661628e-214	HMOX1
1.4684071799167888e-217	0.7402476720959912	0.786	0.52	3.1865904211374237e-213	POLR2L
6.4918256683937294e-217	0.5740820192264895	0.866	0.476	1.4087910882981232e-212	FBLN2
6.166220529585775e-216	0.6932246455474274	0.748	0.467	1.338131517125409e-211	SEC61G
2.3864800265817437e-214	0.4066765238058174	0.996	0.979	5.178900305685042e-210	RPL41
1.7141117092871514e-211	0.5787201681815832	0.294	0.091	3.719793820324047e-207	SLIT3
6.129951810167352e-211	1.1300497120071533	0.409	0.174	1.330260842324417e-206	FGF7
6.931798067094207e-209	0.7387574703412718	0.62	0.334	1.5042694985401138e-204	LAMB2
1.4427719052177634e-207	0.6840764832983153	0.242	0.068	3.1309593115130686e-203	GNPNAT1
1.4374258471185824e-202	0.778934705095059	0.245	0.069	3.1193578308320356e-198	PTGS2
2.5056576223235417e-202	0.5945976131889732	0.281	0.089	5.437527606204318e-198	THBS2
4.486311959477216e-202	0.6268680567981014	0.454	0.195	9.735745583261508e-198	PDLIM4
6.789700732937422e-199	0.533200606846576	0.242	0.068	1.47343295605475e-194	FMOD
3.020033111314576e-197	0.6679539388063308	0.315	0.109	6.553773854863762e-193	NFATC1
3.992602598992784e-196	0.6443693187980655	0.483	0.22	8.66434690007424e-192	TSHZ2
2.159596576828853e-195	0.8409195432454792	0.789	0.509	4.686540531376294e-191	FN1
2.092827671716837e-194	0.5201202520826573	0.636	0.295	4.541645330392708e-190	RPS4Y1
5.682743604243144e-189	0.8091280571876783	0.189	0.045	1.2332121895568047e-184	ARC
1.461460731654941e-188	0.4091120522737496	0.141	0.026	3.1715159337643877e-184	DOK5
1.2040817264339023e-187	0.6594426475216606	0.343	0.128	2.6129777545342112e-183	FHL2
1.688057939879475e-187	0.6227274272547509	0.715	0.414	3.6632545353324484e-183	MYC
3.522326603791511e-186	0.5849937543082016	0.981	0.882	7.643800962887958e-182	S100A4
1.142755146647952e-185	1.4607346888741513	0.302	0.106	2.4798929437407204e-181	CXCL8
1.2024538691263188e-183	0.6291876521679858	0.304	0.108	2.6094451413910243e-179	GCLM
4.582700685493199e-182	0.6423874690732003	0.317	0.112	9.944918757588791e-178	NR4A3
2.4847620241975504e-181	0.4735268101918775	0.229	0.067	5.392182068711104e-177	CD276
1.4932323551013536e-178	0.5401441569321412	0.888	0.587	3.2404635338054477e-174	SERPING1
1.2100375554722306e-177	0.5475563377661186	0.342	0.135	2.6259024991302876e-173	FKBP10
1.706911516211067e-175	0.34740574154081916	0.97	0.905	3.7041686813296364e-171	RPS17
6.493249254057798e-175	0.4130507103536357	0.163	0.036	1.4091000206230827e-170	STEAP1
1.3859295417897989e-174	0.5515875157621625	0.332	0.127	3.0076056986380426e-170	LRRC59
2.894602751399377e-174	0.49212148062137095	0.233	0.07	6.281577430811788e-170	CAPG
3.7241215079821606e-173	0.5800702948399294	0.576	0.303	8.081716084472087e-169	MXRA8
4.0454495182266366e-173	0.5064965944158151	0.908	0.698	8.779029999503624e-169	PSAP
1.5298545462282939e-170	0.6435910628007886	0.248	0.081	3.3199373507700203e-166	RDH10
2.4360179292284182e-170	0.6115631049110326	0.809	0.577	5.2864025082185905e-166	GPX4
2.75444609486954e-167	0.5809715624521923	0.339	0.136	5.977423470476389e-163	MESDC1
1.713812277661179e-166	0.7060836145850025	0.413	0.185	3.7191440237525244e-162	SFRP1
3.110782990291106e-166	0.6627223860242915	0.302	0.111	6.750710167230729e-162	NFATC2
5.319103769641769e-166	0.4583279275485115	0.23	0.072	1.1542987090499604e-161	XG
1.138890247002428e-165	0.6362674777067587	0.933	0.806	2.471505725019969e-161	ANXA1
1.5472459631132502e-163	0.9094607133893384	0.532	0.303	3.3576784645520643e-159	TNFAIP2
2.438571186324614e-163	0.5272152577566255	0.224	0.07	5.291943331443045e-159	HRH1
3.297613141508729e-163	0.6282361054624048	0.556	0.31	7.156150278388094e-159	VKORC1
1.1243093406527719e-162	0.5470494853276744	0.359	0.15	2.43986370015058e-158	NME1
2.1338914453876747e-162	0.4986397221321204	0.578	0.288	4.630757825635793e-158	ISLR
1.2064531237704946e-160	0.28730367899469833	0.97	0.883	2.6181239238943504e-156	RPL31
1.596535957476795e-160	0.5945424632036267	0.551	0.298	3.4646426813203925e-156	WBP5
1.1017498921552867e-159	0.4684618851226354	0.208	0.061	2.3909074409661878e-155	CHPF
3.303313886299005e-159	0.8256242784424277	0.321	0.132	7.1685214646574715e-155	C1QTNF3
1.1220852225718366e-157	0.6160900559534483	0.565	0.315	2.4350371415031424e-153	NGFRAP1
1.1250930980569111e-157	0.38833573434325197	0.155	0.036	2.441564532093303e-153	TMEM119
1.5286952425893038e-157	0.45207014891282404	0.235	0.075	3.317421545943048e-153	RELB
1.4796509865581214e-156	0.571279200704969	0.78	0.538	3.210990605929779e-152	PPIB
6.891409793769448e-155	0.33302533467410034	0.128	0.025	1.4955048393459079e-150	DYRK3
1.4095975084400953e-154	0.5299796614797878	0.65	0.373	3.0589675530658507e-150	FXYD1
1.0004464079011255e-153	0.5572453368580595	0.378	0.17	2.1710687497862323e-149	GSTM3
1.1387909473623337e-153	0.5387323479365497	0.297	0.114	2.4712902348710003e-149	NINJ1
6.129269296442206e-153	0.5747411488827847	0.556	0.307	1.3301127300209231e-148	LTBP3
9.38407115399492e-153	0.871545357296871	0.535	0.304	2.0364372811284375e-148	WTAP
1.8426925503202894e-152	0.44865103797878214	0.235	0.079	3.99882710345006e-148	P3H3
2.32803416362138e-152	0.6957139423570133	0.675	0.427	5.052066938474757e-148	NR4A1
5.202235675552863e-152	0.7996508615911392	0.389	0.176	1.1289371639517267e-147	RGS2
1.5131834555145343e-151	0.5496378375462709	0.749	0.502	3.283759416812091e-147	SEC61B
2.492576461905843e-150	0.5343810915832283	0.36	0.157	5.409140179981869e-146	TAX1BP3
3.7860534820855907e-150	0.6573038593262511	0.437	0.223	8.21611466147394e-146	YWHAG
1.1551932638484914e-149	0.532192908239817	0.485	0.25	2.5068849018776113e-145	CTSF
2.6471439519098067e-149	0.6090032498753379	0.356	0.161	5.7445670900394715e-145	CHRDL1
3.2107834747659482e-149	0.531546686653432	0.497	0.25	6.967721218589585e-145	TYMP
6.051428960360305e-149	1.645150210366165	0.265	0.099	1.3132205986877898e-144	CXCL1
1.3120471380207853e-146	0.5115833240574883	0.261	0.093	2.8472734942189062e-142	TRIB1
3.104520029148643e-146	0.6335084991449724	0.441	0.22	6.73711891525547e-142	BAZ1A
2.7439619312871107e-145	0.5776998587339477	0.431	0.204	5.95467178708616e-141	CD248
7.518530250763649e-145	0.5340552916231843	0.359	0.164	1.6315962497182196e-140	COPZ2
7.753638417256918e-145	0.5686396363929764	0.422	0.207	1.6826170729289237e-140	HCFC1R1
1.2613709351617295e-144	0.5139965476849384	0.484	0.247	2.7373010663944694e-140	DPYSL3
9.123155329766735e-144	0.4832901476044687	0.204	0.063	1.979815938112679e-139	THAP2
1.9114196364883007e-143	0.5175996773894038	0.41	0.197	4.1479717531432616e-139	CHMP4B
2.320114157242761e-143	0.41758511701675993	0.179	0.051	5.034879732632515e-139	MFAP2
9.197781232516062e-143	0.7747593175030465	0.535	0.294	1.9960105052683105e-138	C11orf96
2.8920334341476442e-142	0.479207428555007	0.323	0.128	6.276001755443802e-138	DDX3Y
3.807300227348187e-141	0.38562506865650015	0.881	0.668	8.262222223368301e-137	SOCS3
2.2514552710811083e-140	0.5065956660516147	0.39	0.179	4.885883083773113e-136	FAP
8.7771294942829e-140	0.302031944115933	0.118	0.024	1.904724871554332e-135	PTGES
2.4673693375937974e-139	0.4676846486497891	0.253	0.093	5.3544381995122997e-135	C12orf75
1.7768351250909582e-138	0.4928870303257311	0.458	0.232	3.8559099049598882e-134	OLFML3
3.235093768182531e-138	0.3738013403312733	0.162	0.043	7.02047698633291e-134	CDH11
4.933433772687435e-138	0.47353415622993	0.726	0.441	1.0706044630109002e-133	LRP1
4.0108444352765816e-137	0.5909708159452032	0.343	0.153	8.70393350899371e-133	SLC20A1
4.037834030708492e-137	0.6262250078345477	0.623	0.38	8.7625036300405e-133	TCEB1
3.0277963557088716e-136	0.5300681926194672	0.575	0.328	6.570620871523822e-132	PRRX1
3.338036750502997e-136	0.29280999386537676	0.656	0.357	7.243873552266554e-132	SMOC2
4.815306603027628e-136	0.5378488583136101	0.422	0.212	1.0449696859230255e-131	FKBP9
5.052241587153395e-135	0.5516045857223728	0.7	0.445	1.0963869468281583e-130	CDKN1A
5.963646721282149e-135	0.5189941617133539	0.191	0.06	1.2941709749854393e-130	WNT11
1.6897903466811543e-134	0.7009987358422076	0.395	0.186	3.667014031332773e-130	RGS16
9.357948446644693e-134	0.4775604978210433	0.244	0.091	2.0307683924063647e-129	SEMA3B
1.2447444857362205e-133	0.5457084385279346	0.39	0.189	2.701220008496172e-129	NFKB1
1.9191924151678185e-133	0.3571325665750331	0.937	0.816	4.164839460155683e-129	ZFP36
3.3336132306114406e-133	0.27476643673537815	0.102	0.019	7.234274071749887e-129	PYCR1
3.096259200972517e-131	0.49327269053853784	0.697	0.459	6.7191920920304595e-127	TMEM258
4.485015591516607e-131	0.5515303824984945	0.467	0.252	9.732932335150189e-127	SERPINH1
2.369496306476487e-130	0.4817735706201252	0.298	0.126	5.1420439346846243e-126	HSPB6
3.704220437313299e-128	0.5477770155163906	0.653	0.408	8.03852877101359e-124	NUPR1
2.22307009559782e-127	0.562122383988422	0.565	0.331	4.82428441445683e-123	CHD1
2.8049211574955563e-127	0.5169207789060251	0.577	0.346	6.086959403881107e-123	KDELR2
5.6627534204487464e-127	0.8482246192889447	0.634	0.409	1.2288741197715825e-122	CTGF
9.724485360932812e-126	0.5077726174874415	0.605	0.374	2.1103105681760293e-121	NENF
2.3812240590530253e-125	0.7557144552231192	0.399	0.207	5.16749433055097e-121	ERRFI1
1.0714022930787761e-124	0.4810942451974134	0.544	0.312	2.3250501162102522e-120	CPQ
2.022221822239598e-124	0.3727317346143213	0.626	0.339	4.388423576442152e-120	PDGFRL
7.858488012164888e-124	0.5343258280588613	0.467	0.258	1.7053704835199025e-119	PAM
1.4794886026239482e-123	0.3797066005165668	0.995	0.987	3.21063821655423e-119	H3F3B
2.0774353747646294e-123	0.38966309621804196	0.161	0.046	4.508242506776722e-119	GLIS3
7.494343985577351e-123	0.25202179196384566	1	0.995	1.626347588310141e-118	RPL13A
8.006131996215421e-123	0.788509312604976	0.532	0.319	1.7374107044987086e-118	TPPP3
3.5583509342666956e-122	0.4620394946105267	0.254	0.099	7.721977362452156e-118	ZC3H12A
6.463424240544979e-122	0.4883694577668839	0.31	0.139	1.4026276944406658e-117	CPXM2
1.4444801966355095e-121	0.47294995775033555	0.306	0.134	3.134666474718719e-117	ATP13A3
4.52700852710491e-121	0.5250597777497301	0.687	0.471	9.824061204670364e-117	RAN
2.2375396721765216e-119	0.5170520408763215	0.657	0.433	4.85568484259027e-115	ENO1
6.59425410011832e-119	0.43873606461007475	0.356	0.165	1.4310190822666766e-114	LOXL1
1.12343669129713e-118	1.1480824495068236	0.297	0.131	2.4379699637839018e-114	CXCL3
1.246215906546292e-118	0.25736930062034236	0.402	0.206	2.7044131387961085e-114	TNNT3
2.717721744484028e-118	0.514505397634947	0.185	0.061	5.897727957704789e-114	EGR2
5.549357648112768e-118	0.6438283260233004	0.182	0.06	1.2042661032169519e-113	RARRES1
9.582949696575742e-118	0.45027403308321734	0.606	0.359	2.079595913653902e-113	MIF
1.0647106314630776e-117	0.42737031067650333	0.308	0.137	2.3105285413380247e-113	GLT8D2
4.476374283796505e-117	0.56315357842898806	0.294	0.129	9.714179833266796e-113	EGR3
7.39640143076702e-117	0.41135602247755765	0.52	0.281	1.605093074490751e-112	SCARA5
8.675222466084904e-117	0.4939532889764229	0.517	0.303	1.882610027365085e-112	REXO2
1.2099176673602566e-116	0.6069241349339007	0.781	0.56	2.625642329938493e-112	LTBP4
6.472744448698191e-116	0.5518938933206399	0.426	0.229	1.4046502728119944e-111	TMEM176B
1.3161723423412822e-115	0.839007984864576	0.405	0.215	2.8562256001148165e-111	RASD1
1.3551090853334736e-115	0.4346503376942029	0.259	0.108	2.940722226082171e-111	THBS3
1.7876422503550156e-115	0.5709329448106462	0.341	0.163	3.879362447495419e-111	COL8A1
1.7997171101748078e-115	0.4041463053123629	0.231	0.09	3.9055661007903505e-111	KDELR3
1.978446677598056e-115	0.35780878428617907	0.159	0.047	4.2934271350555414e-111	MFHAS1
3.6512477342274125e-114	0.49411707718959674	0.365	0.181	7.923572708046907e-110	SVEP1
1.442158074773717e-113	0.5297281245723959	0.535	0.296	3.129627238066443e-109	RGCC
3.030351511419939e-113	0.5448234546174122	0.386	0.192	6.576165814932411e-109	ELL2
1.371773872715167e-112	0.4654866418160658	0.292	0.129	2.9768864811791838e-108	MAPKAPK2
3.8293366880221175e-112	0.4350263024816459	0.192	0.068	8.310043546676798e-108	FAM180B
1.108856838997065e-111	0.25952856375977235	0.109	0.025	2.4063302263075306e-107	CRYBB2
1.9496700220444034e-111	0.41675114186744455	0.44	0.23	4.2309789148385597e-107	NDUFA13
2.8710754104295547e-111	0.44352580545825543	0.306	0.143	6.230520748173177e-107	TMED3
7.56796863307959e-111	0.4645319344664893	0.54	0.325	1.6423248730646018e-106	MYDGF
4.2551729189534344e-110	0.5241175398106832	0.883	0.801	9.234150751420848e-106	RPS26
7.264099961630459e-110	0.43461630154030645	0.183	0.062	1.5763823326734259e-105	MSC
3.402263481706456e-109	0.566942782445695	0.543	0.33	7.383251981651181e-105	GAS6
4.547947081870277e-109	0.4706059732408914	0.513	0.303	9.869499962366688e-105	PRDX4
4.64780137112815e-109	0.5058703631769653	0.386	0.197	1.0086193755485198e-104	BTG3
1.2305273688051334e-108	0.530692668852816	0.261	0.112	2.67036744304402e-104	SNHG23
2.2051679487841253e-108	0.3831516516266775	0.161	0.051	4.7854349656564305e-104	GLIS2
5.147664339450758e-108	0.5507151268636739	0.188	0.067	1.117094638304209e-103	DKK3
1.0074301592415434e-107	0.4928068314581686	0.228	0.09	2.1862241885700735e-103	CYB5D1
1.1283200603530964e-107	0.3980158025907441	0.616	0.392	2.448567362972254e-103	NPC2
1.2282309121098827e-107	0.425272757074246	0.241	0.099	2.6653839023696563e-103	ZBTB21
9.949046813143769e-107	0.3268902098693386	0.108	0.025	2.1590426489203293e-102	LINC00330
6.9628588138567995e-106	0.4654266797688074	0.248	0.106	1.5110099911950642e-101	FEM1C
2.4531513515336017e-105	0.4383808572638517	0.367	0.187	5.323583747963069e-101	COQ10B
6.104394042553432e-105	0.43446817046890174	0.649	0.4	1.3247145511745203e-100	SDC2
9.870963179150389e-105	0.3369499694672504	0.574	0.333	2.142097719507426e-100	IGF1
1.724571837457147e-104	0.5733154677930294	0.363	0.192	3.7424933444657546e-100	TMEM176A
4.745665186866899e-103	0.3205441354132054	0.13	0.036	1.0298568022019857e-98	LINC01088
5.347517977201481e-103	0.48268154993888857	0.727	0.52	1.1604648762324935e-98	ARID5B
7.627003977897567e-103	0.42271446819597386	0.288	0.131	1.655136133243551e-98	ZNF593
3.8050279950438764e-102	0.4297885159644963	0.603	0.382	8.257291252044716e-98	NDUFA11
4.587645706683463e-102	0.49944558785908166	0.457	0.264	9.955649948073783e-98	ADI1
7.685519492433271e-102	0.46839978124170556	0.585	0.376	1.6678345850529443e-97	DDAH2
1.30586798974332e-101	0.4747994922038492	0.507	0.292	2.8338641245419786e-97	MAFF
1.962017691482727e-101	0.5184354452487399	0.341	0.171	4.257774592286666e-97	CDC42SE1
5.271544573579018e-101	0.3951876193046172	0.155	0.05	1.1439778879123827e-96	GDF10
6.624414174408814e-101	0.44006940507502323	0.302	0.144	1.4375641199884566e-96	SAMD4A
7.307807925155023e-101	0.43276293263439447	0.761	0.549	1.5858673978378916e-96	NDUFS5
7.947680289016006e-101	0.37203635765188736	0.172	0.06	1.7247260995193636e-96	AKR1C2
4.029157602611985e-99	0.47087308157295893	0.431	0.244	8.743674913428269e-95	PLP2
4.713309650434082e-99	0.6465428169389882	0.5	0.303	1.0228353272407001e-94	THBS4
8.150133417150774e-99	0.7503403124769474	0.653	0.483	1.7686604528558895e-94	IFI16
1.3177716377704237e-98	0.45418342454930705	0.552	0.352	2.8596962311255964e-94	ARF4
2.2195631642237517e-98	0.5317785441665539	0.372	0.201	4.816674022681963e-94	TSC22D2
5.158134687040859e-98	0.3086447815783322	0.112	0.029	1.1193668084347369e-93	FAM180A
8.910878574818278e-98	0.42634549073765027	0.376	0.202	1.9337497595213146e-93	PDLIM2
1.5753306574252477e-97	0.45304378774248955	0.51	0.309	3.41862505967853e-93	MINOS1
1.5820061310447095e-97	0.37387072698738466	0.246	0.106	3.433111504980124e-93	PTS
1.6880050589996384e-97	0.4705668153299325	0.599	0.396	3.6631397785351152e-93	PKM
5.040939845994361e-97	0.30763475098997695	0.135	0.041	1.0939343559792363e-92	ASB1
8.741994762941634e-97	0.3372817458528956	0.145	0.046	1.897100283505964e-92	RNF19B
1.3941599344979473e-96	0.6181470416473305	0.562	0.347	3.0254664738539956e-92	IGF2
1.4247256930027403e-96	0.30429994008885874	0.162	0.055	3.0917972263852465e-92	BMP1
1.4881728788256865e-96	0.43268469367242224	0.457	0.262	3.229483964339622e-92	AXL
2.801693300715207e-96	0.3133986192093279	0.409	0.219	6.0799546318820704e-92	GJA1
4.7769434468004116e-96	0.41959535917501034	0.37	0.198	1.0366444973901573e-91	MPZL1
5.5496615899364425e-96	0.43871042460037035	0.226	0.096	1.2043320616321074e-91	CKB
8.877838840418766e-96	0.4469821867406415	0.446	0.258	1.9265798067592765e-91	CTTN
2.9749257897120324e-95	0.40278865750215176	0.561	0.345	6.455886456254081e-91	RND3
4.999630232042432e-95	0.29915379114315943	0.126	0.037	1.0849697566555282e-90	S1PR2
5.276293952614092e-94	0.44707345457976055	0.516	0.316	1.1450085506567841e-89	PFDN2
1.7282852673057424e-93	0.3129124680221116	0.785	0.561	3.750551858580191e-89	RPS10
2.801827167476705e-93	0.4051786810424247	0.413	0.233	6.080245136141197e-89	HEXB
4.154511416193092e-93	0.4004227325177236	0.233	0.102	9.015705224280629e-89	SULF1
4.3411174812062135e-93	0.5346243217789928	0.392	0.222	9.420659045965604e-89	PTPRS
6.759325935700014e-93	0.30557725753087595	0.164	0.058	1.4668413213062602e-88	STMN3
1.160250597458898e-92	0.5227845505285635	0.192	0.075	2.5178598215455545e-88	PTN
2.4337121119440734e-92	0.4181914718923254	0.357	0.19	5.281398654129834e-88	TRIP10
8.135559503647218e-92	0.3942015194939962	0.44	0.252	1.765497767886483e-87	ERGIC3
9.486888598471874e-92	0.4646340180097521	0.464	0.273	2.0587496947543814e-87	VMP1
1.0185708244870331e-91	0.41140601873348315	0.362	0.195	2.2104005462193104e-87	ITGB5
5.172154789320617e-91	0.42916873624288465	0.241	0.108	1.1224093108304672e-86	HSD3B7
1.0015822133702485e-90	0.3973384050960119	0.25	0.114	2.1735335612347764e-86	TWSG1
1.3737530569043456e-90	0.5338951963955618	0.871	0.775	2.9811815087881202e-86	PNRC1
1.670531603367244e-90	0.41997433224913916	0.463	0.27	3.625220632467256e-86	MIR22HG
4.929157411589796e-90	0.561290596901276	0.354	0.189	1.0696764498891016e-85	ALDH1A3
5.2608443840785094e-89	0.38667427613552263	0.139	0.045	1.1416558397888773e-84	HMGA1
6.813158480786554e-89	0.4150323615523003	0.298	0.151	1.47852352191549e-84	RRAGC
1.1259591589333896e-88	0.3229396088025104	0.143	0.047	2.443443970801349e-84	SLC9B2
1.4994874321241513e-88	0.37877623497757523	0.225	0.099	3.254037676452621e-84	PGM3
1.6040000779218763e-88	0.4378732847782558	0.411	0.229	3.4808405690982637e-84	BAG3
4.2440080538756646e-88	0.4562532771794743	0.156	0.056	9.20992187771558e-84	TWIST1
9.70022141357076e-88	0.4367228632758209	0.395	0.224	2.1050450489589907e-83	PRNP
2.141623157137276e-87	0.3464900347115978	0.905	0.775	4.6475364133036024e-83	RPL36AL
3.803432853797069e-87	0.2998230677842263	0.148	0.05	8.253829636025019e-83	FBLN7
6.568503978170257e-87	0.2563469339401314	0.441	0.25	1.4254310483027276e-82	PDGFRB
8.382423880979375e-87	0.2932076032936122	0.142	0.047	1.8190698064113342e-82	C2
2.578813929318937e-86	0.33714653520075083	0.217	0.095	5.596284108015025e-82	LPAR1
2.7365411965071624e-86	0.40274100097130927	0.603	0.408	5.938568050540193e-82	VIMP
6.361787102495111e-86	0.41168289287007775	0.813	0.636	1.380571419112464e-81	NPM1
7.546382098394455e-86	0.38309790956354695	0.917	0.826	1.6376403791725807e-81	CEBPD
9.084067314599361e-86	0.295980546149785	0.132	0.042	1.9713334479412075e-81	FNDC4
1.5015005501610107e-85	0.3882317763097693	0.207	0.089	3.2584063439044094e-81	FAT1
6.223500559462835e-85	0.4045258320600489	0.718	0.519	1.3505618564090297e-80	SUB1
1.1398832062014498e-84	0.45488387008332487	0.301	0.15	2.473660545777766e-80	PIM3
2.976775816574069e-84	0.35471266169512944	0.186	0.075	6.459901199547387e-80	HSPB8
3.123767901889839e-84	0.42902048077811816	0.518	0.334	6.77888872389114e-80	PHPT1
4.157699637481328e-84	0.5083493132217538	0.595	0.413	9.022623983298229e-80	TUBB4B
1.7678879236225487e-83	0.29371785870646416	0.998	0.965	3.836493583053293e-79	TMSB4X
1.490858776794783e-82	0.41703751002927913	0.619	0.404	3.2353126315223587e-78	MAP1B
1.701421904480361e-82	0.560566846661871	0.312	0.165	3.6922556749128314e-78	INSIG1
3.6358772191134597e-82	0.3491917351900453	0.168	0.065	7.890217153198119e-78	PAMR1
4.71530732641645e-82	0.4113019210004346	0.467	0.289	1.0232688429056337e-77	FAM3C
1.2454936907712133e-81	0.331011364869906	0.184	0.075	2.70284585834261e-77	AOX1
4.4297681573289165e-81	0.34413179818517425	0.203	0.088	9.613039878219482e-77	SLC37A3
4.701352500978001e-81	0.4298404436168515	0.539	0.355	1.020240506237236e-76	PRKCDBP
1.0664863140726996e-80	0.39149383373739766	0.46	0.273	2.3143819501691653e-76	FOSL2
1.5451672957890156e-80	0.3966410748495477	0.465	0.285	3.353167548591743e-76	PLPP1
3.64261795645366e-80	0.42836799528770486	0.458	0.283	7.904845227300088e-76	NUCB2
5.399283403144089e-80	0.4661935843940813	0.29	0.147	1.1716984913162988e-75	C1orf56
6.752287378716575e-80	0.2799990476788594	0.149	0.055	1.465313884055284e-75	ST3GAL4
7.10641349040468e-80	0.4258853299234053	0.264	0.13	1.5421627915527197e-75	SLC19A2
4.3550439165773683e-79	0.35691794979086044	0.318	0.165	9.450880803364547e-75	NXT1
1.0550247093208304e-78	0.32833969938271207	0.266	0.132	2.2895091216971343e-74	NT5E
1.185739840504543e-78	0.6722763663309506	0.476	0.299	2.573174027878909e-74	MT1A
1.427968465113927e-78	0.37504574905466415	0.843	0.683	3.098834366143733e-74	ANXA5
3.3266671164712737e-78	0.3416095314866262	0.451	0.265	7.219200309454312e-74	KRTCAP2
6.649537574559773e-78	0.3403168029099883	0.185	0.078	1.4430161490552162e-73	FAM20C
1.9327531815691952e-77	0.3994977271936877	0.741	0.582	4.194267679323311e-73	OST4
3.6890860885583266e-77	0.3588198027110626	0.305	0.161	8.005685720780425e-73	SVIL
8.250160584535032e-77	0.5230524253448627	0.48	0.304	1.7903673484499473e-72	ATP1B3
1.850247876642638e-76	0.405627995795275	0.346	0.194	4.0152229171021883e-72	GNL3
1.869826349238713e-76	0.5772061616067838	0.414	0.246	4.057710160482931e-72	PI16
2.5523033158163216e-76	0.299662802968345	0.226	0.103	5.538753425653e-72	FKBP11
3.0484406827204394e-76	0.27132363230606515	0.202	0.085	6.615421125571626e-72	ZNF90
4.388266202177062e-75	0.3815802421410175	0.369	0.212	9.522976485344443e-71	ETF1
4.422300374925336e-75	0.31034641923911277	0.149	0.055	9.596834043625472e-71	SDC4
9.127859173590799e-75	0.4003490267522808	0.375	0.215	1.9808367192609392e-70	NOP58
9.77928134444023e-75	0.3412211416699184	0.188	0.08	2.122201844556974e-70	ITPKC
1.1335608064303138e-74	0.4514384757766579	0.23	0.112	2.4599403060344238e-70	ACSL4
1.1636303601587132e-74	0.35248825644801096	0.394	0.23	2.5251942445804235e-70	SAR1A
2.271772514089822e-74	0.44924509510100263	0.401	0.239	4.9299735328263227e-70	BHLHE40
2.9155145744583453e-74	0.3620881984600328	0.453	0.276	6.326958178032055e-70	SNRPD1
3.670208822586429e-74	0.32147054713270007	0.245	0.121	7.964720165894808e-70	MYOF
4.317324110353896e-74	0.36104216492859265	0.312	0.171	9.369025051878989e-70	CKAP4
4.362569430481136e-74	0.3893257615214445	0.678	0.487	9.467211921087113e-70	ATF4
4.433415154717741e-74	0.3605139313993937	0.302	0.163	9.62095422725297e-70	SLC39A7
4.680018170047379e-74	0.29136502570833345	0.169	0.068	1.0156107430819817e-69	MRGPRF
5.649183862199312e-74	0.33371297920773757	0.249	0.121	1.2259293899358726e-69	RAB31
8.115528709856965e-74	0.5708177186376693	0.55	0.376	1.76115088532606e-69	CLU
9.05510366231855e-74	0.3864793527659911	0.662	0.474	1.9650480457597488e-69	SSR4
9.85026102386482e-74	0.3649533904387303	0.289	0.151	2.1376051447889049e-69	EMILIN1
1.3885169990454828e-73	0.3024029064666207	0.534	0.329	3.0132207396286024e-69	FBLN5
1.466847535065044e-73	0.43004310400727386	0.336	0.188	3.183205835844652e-69	PROCR
3.937627389323565e-73	0.3155020751794182	0.211	0.095	8.545045197571069e-69	TOMM5
8.669564371423339e-73	0.3266474186267925	0.483	0.302	1.8813821642425788e-68	CALU
1.3627024396425625e-72	0.3501324117447192	0.241	0.119	2.957200564268325e-68	GALNT2
2.7116658364660385e-72	0.7447844282323444	0.104	0.032	5.88458603171495e-68	POSTN
3.224115683042992e-72	0.35187842951806947	0.32	0.177	6.996653443771597e-68	SSC5D
3.955549825656568e-72	0.3152670664300311	0.231	0.109	8.583938676657318e-68	CTNNAL1
4.0430296801605605e-72	0.32000705432342347	0.234	0.113	8.773778708916433e-68	TPST1
1.230874915047989e-71	0.31162578203396074	0.517	0.324	2.671121653145641e-67	ITIH5
1.365958854557722e-71	0.3611310513761046	0.619	0.44	2.9642673102757125e-67	PRDX5
1.5978504543667063e-71	0.35315026010182	0.258	0.13	3.4674952710211896e-67	ARL13B
2.8625239349481662e-71	0.47750012018041144	0.425	0.262	6.211963191231016e-67	F10
3.520185943435159e-71	0.37961710645748425	0.254	0.127	7.639155515848639e-67	EML4
4.048072655429625e-71	0.39703252560155833	0.476	0.308	8.784722469547829e-67	CUTA
7.26675882594767e-71	0.4426539157922922	0.766	0.596	1.576959332818904e-66	KLF4
8.959618054794343e-71	0.32682931975012003	0.211	0.097	1.9443267140709204e-66	SCO2
9.02489986772816e-71	0.33062002983386196	0.574	0.376	1.958493520295688e-66	SERTAD1
9.198244416153587e-71	0.34845659961187314	0.475	0.304	1.99611102074949e-66	CLTB
2.0656665216613173e-70	0.36809783066528046	0.624	0.441	4.4827029186572244e-66	HNRNPA0
2.3204711717408778e-70	0.27695008075539956	0.208	0.094	5.035654489794879e-66	INAFM1
2.37778439326747e-70	0.3592249580505812	0.306	0.17	5.160029911829737e-66	CCDC109B
4.693344401725344e-70	0.3370462480787533	0.267	0.14	1.018502668618417e-65	TMEM98
8.42929905876063e-70	0.4750239034441842	0.36	0.211	1.8292421887416444e-65	DHRS3
8.733867137466545e-70	0.4524487591247147	0.425	0.269	1.895336507501615e-65	UGP2
9.1282583336707806e-70	0.39631848817160753	0.614	0.43	1.980923340989896e-65	LSP1
1.1970820343120264e-69	0.29492410354233245	0.199	0.088	2.5977877226605283e-65	SLC25A33
1.293770156322496e-69	0.28144922760824964	0.106	0.034	2.8076106162354482e-65	COL6A6
1.4225438621467973e-69	0.28598182280325873	0.155	0.062	3.087062435244765e-65	ANKRD9
1.7511626106818324e-69	0.32084812817345476	0.284	0.148	3.800197981440644e-65	ATG101
2.9504227531379366e-69	0.378203091053515	0.605	0.411	6.402712416584636e-65	FGFR1
3.2525929068965954e-69	0.30659452946397237	0.285	0.145	7.058451867256302e-65	ARID5A
4.374273798666039e-69	0.38762185127488546	0.384	0.229	9.492611570485172e-65	S100A16
1.971081065971245e-68	0.3183848807207716	0.231	0.113	4.277443021264199e-64	B4GALT5
4.615884075531883e-68	0.3672839356135984	0.489	0.304	1.001693003231174e-63	MGST1
4.870677252061849e-68	0.35252452105692844	0.353	0.208	1.0569856704699417e-63	SURF4
5.3077415859738595e-68	0.31747728121817265	0.144	0.056	1.1518330015721872e-63	MARCH3
8.074097384933463e-68	0.34479504580769604	0.469	0.303	1.752159873504411e-63	OSTC
8.318862087890216e-68	0.3846290315521788	0.226	0.112	1.8052762616930556e-63	ABCA1
1.0622729461987305e-67	0.3166883078683067	0.276	0.145	2.305238520545865e-63	PSENEN
1.3136935001788845e-67	0.36454721650445543	0.337	0.195	2.850846264738197e-63	PIGT
1.9682207142520022e-67	0.26748199766289704	0.39	0.228	4.27123577199827e-63	REL
2.4009218373654923e-67	0.3407460856865428	0.19	0.088	5.210240479266855e-63	FGF18
3.793783248233446e-67	0.448437926923973	0.303	0.164	8.232889026991401e-63	LMCD1
4.6156380730922843e-67	0.34254102646805806	0.267	0.139	1.0016396182417565e-62	MAP2K3
5.5203546219886555e-67	0.32192991953696914	0.732	0.542	1.1979721565177581e-62	ZFAS1
9.569151825219092e-67	0.29719500943709753	0.191	0.089	2.076601637590795e-62	SH3PXD2B
1.0818536128874598e-66	0.3369908573185896	0.223	0.109	2.3477305253270763e-62	HIVEP2
1.485289311361391e-66	0.34065328293911845	0.23	0.115	3.2232263345853544e-62	OTUD4
1.8610019452834778e-66	0.2945345088039119	0.173	0.074	4.038560321459675e-62	MAD2L2
2.3333267537380054e-66	0.35154445047556315	0.278	0.148	5.063552388286846e-62	WDR43
1.276400871667615e-65	0.3021372329450342	0.274	0.146	2.7699175316058916e-61	SEC13
1.5831125008627946e-65	0.48662756653858397	0.644	0.491	3.4355124381223506e-61	JMJD1C
2.920612743785941e-65	0.2855510410467468	0.338	0.186	6.338021715289871e-61	AC090498.1
3.023129740814725e-65	0.2519635084080837	0.142	0.055	6.560493850542034e-61	HSPB2
3.156239181392417e-65	0.32253727002130206	0.627	0.443	6.849354647539685e-61	FHL1
3.837976957031005e-65	0.3121235191014017	0.317	0.178	8.328793794452984e-61	ANTXR1
1.151535654095877e-64	0.3247766536973584	0.708	0.504	2.4989475229534623e-60	RRBP1
1.6474810626107823e-64	0.36849108128613184	0.396	0.246	3.5751986539716583e-60	TNFRSF1A
2.610969039068837e-64	0.40546631343871686	0.878	0.785	5.666063911683283e-60	ZFP36L1
3.389449353677541e-64	0.25386300010359397	0.269	0.143	7.355444042415632e-60	BASP1
4.8317460188372e-64	0.31650399661880013	0.36	0.213	1.0485372035478607e-59	DCLK1
1.337667685894997e-63	0.32374508061514207	0.5	0.329	2.902872645160733e-59	NDUFB1
1.7201229959454378e-63	0.33563608371127196	0.432	0.276	3.7328389135011945e-59	DRAP1
1.9686668300799872e-63	0.3218315514463898	0.219	0.107	4.272203887956581e-59	SLC1A5
2.5585447382255645e-63	0.3050640143964313	0.257	0.135	5.552297936423298e-59	PTGFRN
5.125886676317463e-63	0.29897045632795605	0.455	0.287	1.1123686676276525e-58	SGCE
7.430341650411595e-63	0.32785478202277396	0.508	0.333	1.6124584415558205e-58	SLIRP
8.485851671720097e-63	0.2889410110882897	0.177	0.079	1.841514671279978e-58	TAF13
1.0597483807514993e-62	0.336028212614671	0.628	0.45	2.2997599610688286e-58	HSPE1
1.9554378706788386e-62	0.3408613000700631	0.666	0.495	4.243495723160148e-58	RABAC1
8.00674477494768e-62	0.3154095428781771	0.231	0.119	1.7375436836113962e-57	DCUN1D3
1.3013692692960409e-61	0.2987785892425819	0.203	0.098	2.824101451299338e-57	IL11RA
2.173969062989894e-61	0.28943800639386585	0.27	0.143	4.717730263594369e-57	MSX1
2.2988964225107984e-61	0.3096957100115767	0.457	0.293	4.9888351264906836e-57	ROMO1
3.348048767167534e-61	0.31437314536646943	0.279	0.149	7.265600629630266e-57	SNHG15
3.7165904504246104e-61	0.29350055444099454	0.527	0.348	8.065372936466447e-57	TSPAN4
5.224504126503416e-61	0.29162958309416964	0.265	0.143	1.1337696404925063e-56	PALM
5.9730980396947455e-61	0.4117638686048033	0.311	0.183	1.2962220055941568e-56	SRGAP1
6.958701964045201e-61	0.3865712566787501	0.179	0.083	1.5101079132174492e-56	APOL2
9.02088787185174e-61	0.3233242876617587	0.242	0.128	1.957622877070546e-56	SLC43A3
1.3719454232620195e-60	0.26307716641386136	0.125	0.048	2.9772587630209083e-56	ELL
1.9810684031585123e-60	0.31349108503428846	0.6	0.418	4.2991165416942875e-56	CYCS
2.5809672378857245e-60	0.3212743029986247	0.295	0.169	5.600957002935811e-56	COPRS
3.1976016219061954e-60	0.33741953267085023	0.265	0.146	6.939115279698634e-56	ABL1
3.504195423159454e-60	0.3479842010209695	0.317	0.184	7.604454487798332e-56	ADAM17
3.5042074962567536e-60	0.34129475850003144	0.137	0.054	7.604480687626781e-56	MT1G
4.285362063734241e-60	0.2783120789056041	0.204	0.098	9.299664214509677e-56	CMC2
5.2479559795961e-60	0.276831388343375	0.21	0.103	1.1388589271321495e-55	FKBP7
5.484634278603961e-60	0.3243724090415674	0.603	0.429	1.1902204847998457e-55	NFE2L2
1.101912440393968e-59	0.402270714998493	0.732	0.565	2.3912601868989498e-55	MYADM
8.552092817286039e-59	0.2972667211690174	0.198	0.096	1.8558896622792432e-54	MAPK6
2.055025912690591e-58	0.34447864431129327	0.657	0.482	4.4596117331298516e-54	KLF9
2.6208012830899487e-58	0.3124559977071204	0.618	0.449	5.687400864433497e-54	SSR2
2.929189108185313e-58	0.43345176486721715	0.282	0.158	6.356633283672948e-54	CYP1B1
3.6089606829122345e-58	0.250780051168603	0.137	0.056	7.83180557798784e-54	TMEM45A
3.6879312657514374e-58	0.3267856659630338	0.239	0.127	8.003179639807194e-54	ANKH
8.974063579272485e-58	0.27187854140435325	0.233	0.118	1.9474615373379221e-53	NHSL2
1.0688272562313879e-57	0.3400849225787954	0.34	0.207	2.3194620287477346e-53	PEA15
1.4987970296262565e-57	0.3199148889217598	0.487	0.327	3.2525394339919393e-53	RAB1A
1.6400003025574878e-56	0.4048180559621972	0.621	0.468	3.558964656580004e-52	RPS27L
1.8499451805789437e-56	0.2539696809062204	0.141	0.06	4.014566036374366e-52	SCARA3
2.0956832322393066e-56	0.4003315740794513	0.304	0.178	4.547842182282519e-52	F3
2.4046411705674574e-56	0.41374139148848177	0.253	0.139	5.2183118042484396e-52	SLC4A7
3.4919794814499346e-56	0.46677512228109486	0.207	0.106	7.577944672694503e-52	SERPINE2
1.0162230657199425e-55	0.25683877633161867	0.155	0.069	2.2053056749188472e-51	CRY1
1.21710979856994e-55	0.3488875206651877	0.284	0.16	2.6412499738766268e-51	RBFOX3
1.951327555277829e-55	0.32320948951982187	0.417	0.273	4.2345759277084164e-51	IFI27L2
3.0018763676464636e-55	0.2570031470054897	0.15	0.067	6.51437190542959e-51	GOLM1
3.311097014742524e-55	0.2846623267900271	0.218	0.113	7.185411631692751e-51	AHNAK2
3.747914567860007e-55	0.3074442031099833	0.891	0.812	8.133349403713002e-51	NFKBIA
4.6271942366215856e-55	0.3194115904828747	0.319	0.188	1.0041474212892503e-50	SLC3A2
1.0056002717536132e-54	0.2986045686092653	0.665	0.49	2.182253149732516e-50	PDIA3
1.06697005006354e-54	0.2808610993800271	0.374	0.234	2.3154317056428883e-50	SEPT11
1.7320307217069225e-54	0.2613484261051132	0.149	0.065	3.7586798691761925e-50	SERTAD4-AS1
1.848572442859712e-54	0.28643070722262376	0.404	0.259	4.0115870582498613e-50	PSMB5
1.9716029686450274e-54	0.301663278788441	0.603	0.439	4.278575602256574e-50	UQCRQ
2.943624809751706e-54	0.3506259105214413	0.356	0.226	6.387960199642177e-50	VIT
3.404427426705177e-54	0.3817642472387712	0.456	0.314	7.387947958692905e-50	TOP1
3.824918184165764e-54	0.29330195887630606	0.236	0.126	8.300454951458125e-50	AK6
5.2290540231288e-54	0.28498902552397165	0.253	0.139	1.1347570135591809e-49	GTPBP4
6.63371108738416e-54	0.49344779936864325	0.401	0.261	1.4395816430732366e-49	GADD45A
8.969172717541205e-54	0.28011947156905365	0.135	0.057	1.946400171433617e-49	PTHLH
1.0878138713835936e-53	0.285312601812439	0.38	0.242	2.3606648822895364e-49	SCPEP1
1.3721429879140043e-53	0.29518837742025117	0.305	0.181	2.9776874980721806e-49	BICC1
2.321957123567052e-53	0.3980225306421237	0.39	0.248	5.038879153852859e-49	EIF4A3
5.234529002029209e-53	0.3782198254560135	0.401	0.264	1.1359451387303588e-48	CLIP1
3.7511659200068656e-52	0.26195555648762	0.238	0.13	8.140405163006899e-48	PDLIM7
3.867480906675408e-52	0.27499664470697266	0.203	0.105	8.392820315576303e-48	PCSK5
1.6090883036275588e-51	0.2648804783178167	0.588	0.436	3.4918825277021654e-47	CXCL14
2.1728395151134724e-51	0.34092071529848567	0.272	0.159	4.715279031747746e-47	MAP7D1
2.3728094804431655e-51	0.27470969159789993	0.881	0.736	5.149233853509713e-47	LAPTM4A
3.9145401171943306e-51	0.2646381009237006	0.202	0.105	8.494943508323417e-47	GARS
4.665642912449151e-51	0.2914959498151647	0.316	0.194	1.0124911684305904e-46	C1orf122
1.018488713557195e-50	0.2750667129037899	0.351	0.216	2.210222357290469e-46	ILF2
2.475616372326378e-50	0.30310964386861383	0.299	0.18	5.372335089585473e-46	SRM
4.738765279921299e-50	0.3227456924146781	0.521	0.364	1.0283594533957212e-45	SELK
5.734237250739366e-50	0.2756426342409507	0.154	0.073	1.2443868257829498e-45	CDR1-AS
7.405285872885256e-50	0.2675658050674258	0.144	0.066	1.6070210872748294e-45	STK40
1.714806379882954e-49	0.2978643760354528	0.351	0.224	3.721301324983998e-45	TIMM13
1.8865052617525385e-49	0.48248034960273656	0.284	0.174	4.093905068529184e-45	CSF1
2.5542125792622597e-49	0.28976018478991183	0.458	0.313	5.54289671825703e-45	H2AFJ
2.8875845876022563e-49	0.4552374364124607	0.333	0.214	6.266347313555656e-45	FAM46A
3.460421813653738e-49	0.270154995203415	0.483	0.327	7.509461377809976e-45	C6orf48
6.852099433856074e-49	0.33981206358836524	0.291	0.178	1.4869740981411065e-44	RALA
9.412435544892346e-49	0.28642244562180463	0.265	0.151	2.042592637597088e-44	NFIL3
1.0352980173226868e-48	0.5269774089665209	0.137	0.061	2.2467002273919624e-44	INHBA
1.0689099193681017e-48	0.29167666373088635	0.191	0.098	2.3196414160207174e-44	ETHE1
1.1541567896551172e-48	0.25227457505851836	0.16	0.078	2.50463564923057e-44	LHFPL2
1.775892062476102e-48	0.25196336352918236	0.266	0.153	3.853863364779389e-44	ERCC1
1.839895732755091e-48	0.6363169646818045	0.612	0.457	3.992757729651823e-44	MT1E
3.6557664457994204e-48	0.2559911388395497	0.349	0.222	7.933378764029322e-44	MAN1A1
4.400351714141815e-48	0.2821810832838039	0.253	0.146	9.549203254859152e-44	CHID1
9.409914600212864e-48	0.2943855598231794	0.246	0.139	2.0420455673921936e-43	ELOVL5
1.2359784374959858e-47	0.27012554234974284	0.246	0.138	2.6821968072100386e-43	EFHD2
1.6442935488102198e-47	0.3131208380304191	0.282	0.171	3.568281430273058e-43	ITGAV
6.877393555179632e-47	0.2827426523793401	0.193	0.102	1.492463175409532e-42	SLC16A1
1.043707208869156e-46	0.2799081898261955	0.279	0.166	2.2649490139669552e-42	NOLC1
1.2908874104004192e-46	0.2721484434652191	0.207	0.113	2.8013547693099497e-42	SLIT2
3.910128058658733e-46	0.2638386656388374	0.567	0.413	8.485368900095316e-42	RNH1
7.27569017745528e-46	0.2842948574977952	0.216	0.119	1.5788975254095702e-41	OSMR
8.776764718553317e-46	0.2735109757570764	0.344	0.22	1.9046457115732555e-41	LRRN4CL
1.423109216014999e-45	0.2753427231546378	0.275	0.166	3.0882893096741494e-41	CMTM3
1.6769721233368286e-45	0.2801064699627495	0.215	0.121	3.6391972048532517e-41	PLIN3
1.7532768389606263e-45	0.4725243138136124	0.712	0.614	3.804786068228455e-41	KLF6
9.615395508692532e-45	0.2627568834217764	0.441	0.304	2.0866369793413664e-40	AP3S1
1.5075242966736504e-44	0.3199266035754995	0.42	0.284	3.2714784762114888e-40	KLF10
1.9602121238587026e-44	0.33495853448751745	0.307	0.193	4.253856329985771e-40	PPP1R15B
5.359699809989142e-44	0.5885588225358775	0.613	0.485	1.1631084557657438e-39	CYR61
9.4788313416369e-44	0.29878697790379527	0.23	0.135	2.0570011894486238e-39	CAB39L
1.0741959647023564e-43	0.28998107773077153	0.275	0.169	2.3311126630005837e-39	STX4
1.080426955410693e-43	0.30534823624589424	0.285	0.176	2.3446345359367448e-39	IPO7
1.2632060042249913e-43	0.2507179058682516	0.508	0.359	2.7412833497686537e-39	ATP5J2
1.65569624078468e-43	0.2633035271408902	0.227	0.131	3.593026412126834e-39	CAMK1D
1.6717255586742688e-43	0.26445605707570763	0.176	0.093	3.627811634879031e-39	NUMBL
3.772839930415326e-43	0.26928974740219813	0.423	0.29	8.187439932994298e-39	SDF4
6.0172906469337874e-43	0.25596377418145927	0.171	0.088	1.305812243291101e-38	RFX2
7.930308381261342e-43	0.2908538492835857	0.486	0.353	1.7209562218175238e-38	NDFIP1
2.2017341779114102e-42	0.29462927109623466	0.152	0.075	4.777983339485551e-38	LXN
2.3316974070529637e-42	0.2648993240717403	0.313	0.198	5.060016543045636e-38	MANF
2.7586724337108764e-42	0.26733452668403623	0.24	0.14	5.986595048395973e-38	TRMT10C
3.304195144020245e-42	0.2687436060193722	0.297	0.189	7.170433882038334e-38	MVP
4.442505599216767e-42	0.27399986236796103	0.35	0.231	9.640681400860306e-38	GSPT1
5.846696377642026e-42	0.3033309549079184	0.559	0.396	1.2687915809120961e-37	ID3
9.12770501337298e-42	0.2569535389992761	0.563	0.419	1.9808032649520703e-37	LAMP1
9.774296791313823e-42	0.2982949910007764	0.521	0.389	2.1211201466830127e-37	REEP5
1.325621826333678e-41	0.2644649861846109	0.304	0.192	2.876731925326715e-37	DEGS1
3.597550230053338e-41	0.29196115748834756	0.161	0.084	7.807043754238749e-37	ARL4D
2.3825739540718766e-40	0.2705856988596249	0.539	0.399	5.17042373773138e-36	KRT10
2.8570693490604044e-40	0.27083038584720176	0.294	0.185	6.200126194395983e-36	EIF4E
8.018355786678061e-40	0.40856345218929646	0.302	0.2	1.740063389267006e-35	NRIP1
1.6540062853545456e-39	0.2590091329035811	0.27	0.167	3.5893590398478996e-35	EIF3J
2.895369307138675e-38	0.25848885428583784	0.121	0.056	6.283240933421638e-34	TNFAIP8
3.0206008449823697e-38	0.3238007637671474	0.286	0.184	6.55500589369624e-34	RYBP
6.696396684933818e-38	0.28899182841152027	0.483	0.353	1.4531850445974879e-33	DAB2
1.1144151436668174e-37	0.27483522043139996	0.26	0.162	2.4183923032713606e-33	CTC-444N24.11
1.194026878502533e-36	0.29814705617776915	0.28	0.182	2.591157729038347e-32	FAM198B
3.375472300140445e-36	0.2518169130031608	0.266	0.167	7.325112438534779e-32	USP12
3.562925347642705e-36	0.8116537458287834	0.65	0.53	7.731904296919434e-32	MT1X
1.4995993816260388e-35	0.26889127250423694	0.544	0.412	3.2542806180666666e-31	PRDX6
4.2218566742329116e-35	0.6997397281476315	0.11	0.052	9.161851168752842e-31	PENK
4.261607128966329e-35	0.31264044641098976	0.405	0.293	9.24811363056983e-31	SKIL
4.487899727010376e-35	0.25098287879277004	0.41	0.293	9.739191197585217e-31	PNRC2
5.760348057615586e-35	0.7610343068929328	0.14	0.072	1.2500531319831584e-30	PRG4
4.359597398027728e-34	0.2573382227240195	0.418	0.305	9.460762313459973e-30	HNRNPAB
1.8712282492168174e-33	0.2701100772668511	0.191	0.112	4.0607524236254155e-29	OSR2
1.9061151960549025e-33	0.26080280398049216	0.277	0.181	4.136460586958744e-29	CBLB
1.5038516396069596e-32	0.25846078045892007	0.461	0.345	3.263508443111063e-28	MAP1LC3B
4.3805681750846704e-32	0.28404136791088175	0.271	0.176	9.506270996751243e-28	TGIF1
1.0352002126014437e-31	0.27994312563885226	0.194	0.116	2.246487981366393e-27	PHLDB2
5.763569909063969e-31	0.25428016864104597	0.274	0.182	1.250752305965972e-26	NIFK
1.4889679357751756e-29	0.36776761628197063	0.227	0.145	3.2312093174257083e-25	FST
1.0329359087451684e-28	0.27914346166334547	0.58	0.46	2.24157421556789e-24	HSPA5
3.125660451398454e-27	0.2575722678734931	0.323	0.232	6.782995745579786e-23	SNTB2
3.4743798588696584e-24	0.4043296284638134	0.307	0.223	7.539751731733046e-20	ADM
2.560939850298028e-17	0.5961834052668429	0.191	0.136	5.557495569131751e-13	SLC16A1-AS1
3.0436754900579324e-17	0.27195341368087067	0.215	0.155	6.605080180974719e-13	MID1IP1
8.99257617054127e-10	0.295907720502099	0.437	0.379	1.951478954769161e-5	MT1M
1.0581912912144327e-4	0.25958835905326905	0.496	0.466	1	CD9
